variant,size_px,filename,path
transparent,18,darbot-coder-emoji_transparent_18.png,/mnt/data/darbot_coder_emoji_pack/darbot-coder-emoji_transparent_18.png
transparent,20,darbot-coder-emoji_transparent_20.png,/mnt/data/darbot_coder_emoji_pack/darbot-coder-emoji_transparent_20.png
transparent,24,darbot-coder-emoji_transparent_24.png,/mnt/data/darbot_coder_emoji_pack/darbot-coder-emoji_transparent_24.png
transparent,28,darbot-coder-emoji_transparent_28.png,/mnt/data/darbot_coder_emoji_pack/darbot-coder-emoji_transparent_28.png
transparent,32,darbot-coder-emoji_transparent_32.png,/mnt/data/darbot_coder_emoji_pack/darbot-coder-emoji_transparent_32.png
transparent,36,darbot-coder-emoji_transparent_36.png,/mnt/data/darbot_coder_emoji_pack/darbot-coder-emoji_transparent_36.png
transparent,40,darbot-coder-emoji_transparent_40.png,/mnt/data/darbot_coder_emoji_pack/darbot-coder-emoji_transparent_40.png
transparent,48,darbot-coder-emoji_transparent_48.png,/mnt/data/darbot_coder_emoji_pack/darbot-coder-emoji_transparent_48.png
transparent,64,darbot-coder-emoji_transparent_64.png,/mnt/data/darbot_coder_emoji_pack/darbot-coder-emoji_transparent_64.png
transparent,72,darbot-coder-emoji_transparent_72.png,/mnt/data/darbot_coder_emoji_pack/darbot-coder-emoji_transparent_72.png
transparent,96,darbot-coder-emoji_transparent_96.png,/mnt/data/darbot_coder_emoji_pack/darbot-coder-emoji_transparent_96.png
transparent,128,darbot-coder-emoji_transparent_128.png,/mnt/data/darbot_coder_emoji_pack/darbot-coder-emoji_transparent_128.png
transparent,160,darbot-coder-emoji_transparent_160.png,/mnt/data/darbot_coder_emoji_pack/darbot-coder-emoji_transparent_160.png
transparent,180,darbot-coder-emoji_transparent_180.png,/mnt/data/darbot_coder_emoji_pack/darbot-coder-emoji_transparent_180.png
transparent,192,darbot-coder-emoji_transparent_192.png,/mnt/data/darbot_coder_emoji_pack/darbot-coder-emoji_transparent_192.png
transparent,256,darbot-coder-emoji_transparent_256.png,/mnt/data/darbot_coder_emoji_pack/darbot-coder-emoji_transparent_256.png
transparent,384,darbot-coder-emoji_transparent_384.png,/mnt/data/darbot_coder_emoji_pack/darbot-coder-emoji_transparent_384.png
transparent,512,darbot-coder-emoji_transparent_512.png,/mnt/data/darbot_coder_emoji_pack/darbot-coder-emoji_transparent_512.png
transparent,768,darbot-coder-emoji_transparent_768.png,/mnt/data/darbot_coder_emoji_pack/darbot-coder-emoji_transparent_768.png
transparent,1024,darbot-coder-emoji_transparent_1024.png,/mnt/data/darbot_coder_emoji_pack/darbot-coder-emoji_transparent_1024.png
flat,18,darbot-coder-emoji_flat_18.png,/mnt/data/darbot_coder_emoji_pack/darbot-coder-emoji_flat_18.png
flat,20,darbot-coder-emoji_flat_20.png,/mnt/data/darbot_coder_emoji_pack/darbot-coder-emoji_flat_20.png
flat,24,darbot-coder-emoji_flat_24.png,/mnt/data/darbot_coder_emoji_pack/darbot-coder-emoji_flat_24.png
flat,28,darbot-coder-emoji_flat_28.png,/mnt/data/darbot_coder_emoji_pack/darbot-coder-emoji_flat_28.png
flat,32,darbot-coder-emoji_flat_32.png,/mnt/data/darbot_coder_emoji_pack/darbot-coder-emoji_flat_32.png
flat,36,darbot-coder-emoji_flat_36.png,/mnt/data/darbot_coder_emoji_pack/darbot-coder-emoji_flat_36.png
flat,40,darbot-coder-emoji_flat_40.png,/mnt/data/darbot_coder_emoji_pack/darbot-coder-emoji_flat_40.png
flat,48,darbot-coder-emoji_flat_48.png,/mnt/data/darbot_coder_emoji_pack/darbot-coder-emoji_flat_48.png
flat,64,darbot-coder-emoji_flat_64.png,/mnt/data/darbot_coder_emoji_pack/darbot-coder-emoji_flat_64.png
flat,72,darbot-coder-emoji_flat_72.png,/mnt/data/darbot_coder_emoji_pack/darbot-coder-emoji_flat_72.png
flat,96,darbot-coder-emoji_flat_96.png,/mnt/data/darbot_coder_emoji_pack/darbot-coder-emoji_flat_96.png
flat,128,darbot-coder-emoji_flat_128.png,/mnt/data/darbot_coder_emoji_pack/darbot-coder-emoji_flat_128.png
flat,160,darbot-coder-emoji_flat_160.png,/mnt/data/darbot_coder_emoji_pack/darbot-coder-emoji_flat_160.png
flat,180,darbot-coder-emoji_flat_180.png,/mnt/data/darbot_coder_emoji_pack/darbot-coder-emoji_flat_180.png
flat,192,darbot-coder-emoji_flat_192.png,/mnt/data/darbot_coder_emoji_pack/darbot-coder-emoji_flat_192.png
flat,256,darbot-coder-emoji_flat_256.png,/mnt/data/darbot_coder_emoji_pack/darbot-coder-emoji_flat_256.png
flat,384,darbot-coder-emoji_flat_384.png,/mnt/data/darbot_coder_emoji_pack/darbot-coder-emoji_flat_384.png
flat,512,darbot-coder-emoji_flat_512.png,/mnt/data/darbot_coder_emoji_pack/darbot-coder-emoji_flat_512.png
flat,768,darbot-coder-emoji_flat_768.png,/mnt/data/darbot_coder_emoji_pack/darbot-coder-emoji_flat_768.png
flat,1024,darbot-coder-emoji_flat_1024.png,/mnt/data/darbot_coder_emoji_pack/darbot-coder-emoji_flat_1024.png
blackbg,512,darbot-coder-emoji_blackbg_512.png,/mnt/data/darbot_coder_emoji_pack/darbot-coder-emoji_blackbg_512.png
blackbg,1024,darbot-coder-emoji_blackbg_1024.png,/mnt/data/darbot_coder_emoji_pack/darbot-coder-emoji_blackbg_1024.png
